text,sector_id
"não consigo acessar o portal acadêmico",TI
"meu login no SIGAA está bloqueado",TI
"esqueci a senha do AVA",TI
"o Moodle não carrega as disciplinas",TI
"nao consigo entrar no sistema",TI
"portal dando erro 500 desde ontem",TI
"wifi da faculdade não conecta no notebook",TI
"preciso redefinir minha senha institucional",TI
"meu e-mail acadêmico parou de receber mensagens",TI
"o aplicativo fecha quando tento fazer login",TI
"aceso ao sigaa aparece como negado",TI
"a internet do laboratório está sem conexão",TI
"não aparece a matéria no ambiente virtual",TI
"como configuro o email da faculdade no celular?",TI
"minha conta foi bloquiada após várias tentativas",TI
"o portal fica em tela branca",TI
"não consigo enviar arquivo pelo Moodle",TI
"sistema acadêmico muito lento hoje",TI
"troquei de celular e perdi acesso ao autenticador",TI
"erro ao abrir aula online no AVA",TI
"quero alterar minha matrícula",Secretaria Acadêmica
"preciso incluir uma disciplina neste semestre",Secretaria Acadêmica
"como faço o trancamento do curso?",Secretaria Acadêmica
"quero solicitar reingresso na faculdade",Secretaria Acadêmica
"meu nome está errado no histórico escolar",Secretaria Acadêmica
"preciso de uma declaração de matrícula",Secretaria Acadêmica
"quando começa a rematrícula?",Secretaria Acadêmica
"gostaria de cancelar uma cadeira",Secretaria Acadêmica
"como pego meu comprovante de conclusão",Secretaria Acadêmica
"quero pedir aproveitamento de disciplina",Secretaria Acadêmica
"minha nota não consta no historico",Secretaria Acadêmica
"onde solicito segunda via do diploma?",Secretaria Acadêmica
"preciso mudar de turno",Secretaria Acadêmica
"posso transferir meu curso para outro campus?",Secretaria Acadêmica
"quero atualizar meus dados cadastrais",Secretaria Acadêmica
"qual o prazo para entregar documentos da matrícula",Secretaria Acadêmica
"preciso corrigir meu RA no cadastro",Secretaria Acadêmica
"como faço para colar grau em gabinete",Secretaria Acadêmica
"minha disciplina foi removida da grade",Secretaria Acadêmica
"quero uma certidão com minha situação acadêmica",Secretaria Acadêmica
"não recebi meu boleto",Financeiro
"minha mensalidade está em aberto mas eu paguei",Financeiro
"preciso negociar parcelas atrasadas",Financeiro
"o valor da mensalidade veio errado",Financeiro
"como solicito desconto por pontualidade?",Financeiro
"meu pagamento ainda não foi compensado",Financeiro
"quero segunda via do boleto deste mês",Financeiro
"onde consulto as pendências financeiras",Financeiro
"a cobrança veio duplicada no cartão",Financeiro
"preciso do comprovante de quitação",Financeiro
"como funciona o financiamento FIES?",Financeiro
"não aplicaram minha bolsa na mensalidade",Financeiro
"boleto vencido da pra atualizar?",Financeiro
"fiz pix e ainda aparece débito",Financeiro
"quero alterar a data de vencimento",Financeiro
"tem taxa para emitir o diploma?",Financeiro
"preciso falar sobre renegociação da dívida",Financeiro
"o estorno da matrícula ainda não caiu",Financeiro
"onde vejo recibos das mensalidades pagas",Financeiro
"cobraram juros mesmo pagando no prazo",Financeiro
"preciso renovar o empréstimo do livro",Biblioteca
"como faço para reservar um livro?",Biblioteca
"não consigo acessar a biblioteca digital",Biblioteca
"qual o horário de atendimento da biblioteca",Biblioteca
"perdi um livro que estava emprestado",Biblioteca
"quero consultar o acervo disponível",Biblioteca
"minha devolução está atrasada",Biblioteca
"como pago a multa da biblioteca?",Biblioteca
"preciso de acesso a uma base de artigos",Biblioteca
"o livro que procuro está indisponível",Biblioteca
"da pra prorrogar o prazo do emprestimo?",Biblioteca
"onde devolvo os livros no campus",Biblioteca
"preciso da ficha catalográfica do meu TCC",Biblioteca
"como acesso os periódicos online",Biblioteca
"meu cadastro na biblioteca está suspenso",Biblioteca
"quero doar alguns livros para a instituição",Biblioteca
"a reserva que fiz sumiu do sistema",Biblioteca
"posso retirar livro usando apenas o RA?",Biblioteca
"preciso localizar uma tese no acervo",Biblioteca
"qual é o limite de obras por aluno",Biblioteca
